id	title	year	genre	publisher	developer	platforms	aliases	igdbQuery	screenshot	altScreenshots	metacritic
pac-man	Pac-Man	1980	Maze	Namco	Namco	Arcade	pacman|pac man	Pac-Man	/screenshots/1980/pac-man.jpg	/screenshots/1980/pac-man-2.jpg|/screenshots/1980/pac-man-3.jpg	62
donkey-kong	Donkey Kong	1981	Platformer	Nintendo	Nintendo	Arcade	donkey kong|dk	Donkey Kong	/screenshots/1981/donkey-kong.jpg	/screenshots/1981/donkey-kong-2.jpg	
galaga	Galaga	1981	Shoot 'em Up	Namco	Namco	Arcade	galaga	Galaga	/screenshots/1981/galaga.jpg	/screenshots/1981/galaga-2.jpg|/screenshots/1981/galaga-3.jpg	
frogger	Frogger	1981	Arcade	Sega	Konami	Arcade	frogger	Frogger	/screenshots/1981/frogger.jpg	/screenshots/1981/frogger-3.jpg	
pitfall	Pitfall!	1982	Platformer	Activision	Activision	Atari 2600	pitfall	Pitfall!	/screenshots/1982/pitfall.jpg	/screenshots/1982/pitfall-2.jpg|/screenshots/1982/pitfall-3.jpg	
ms-pacman	Ms. Pac-Man	1982	Maze	Midway	General Computer Corporation	Arcade	ms pacman|miss pacman|ms pac man	Ms. Pac-Man	/screenshots/1982/ms-pacman.jpg		
tetris	Tetris	1984	Puzzle	Elektronorgtechnica	Alexey Pajitnov	PC|Game Boy		Tetris	/screenshots/1984/tetris.jpg	/screenshots/1984/tetris-2.jpg|/screenshots/1984/tetris-3.jpg	65
duck-hunt	Duck Hunt	1984	Light Gun Shooter	Nintendo	Nintendo	NES	duck hunt	Duck Hunt	/screenshots/1984/duck-hunt.jpg	/screenshots/1984/duck-hunt-3.jpg	
super-mario-bros	Super Mario Bros.	1985	Platformer	Nintendo	Nintendo	NES	super mario bros|super mario|mario bros|smb	Super Mario Bros.	/screenshots/1985/super-mario-bros.jpg	/screenshots/1985/super-mario-bros-2.jpg|/screenshots/1985/super-mario-bros-3.jpg	
the-legend-of-zelda	The Legend of Zelda	1986	Action-Adventure	Nintendo	Nintendo	NES	zelda|zelda 1	The Legend of Zelda	/screenshots/1986/the-legend-of-zelda.jpg	/screenshots/1986/the-legend-of-zelda-2.jpg|/screenshots/1986/the-legend-of-zelda-3.jpg	
metroid	Metroid	1986	Action-Adventure	Nintendo	Nintendo	NES	metroid	Metroid	/screenshots/1986/metroid.jpg	/screenshots/1986/metroid-2.jpg	58
castlevania	Castlevania	1986	Platformer	Konami	Konami	NES	castlevania	Castlevania	/screenshots/1986/castlevania.jpg	/screenshots/1986/castlevania-2.jpg|/screenshots/1986/castlevania-3.jpg	
mega-man	Mega Man	1987	Platformer	Capcom	Capcom	NES	mega man|megaman	Mega Man	/screenshots/1987/mega-man.jpg	/screenshots/1987/mega-man-2.jpg|/screenshots/1987/mega-man-3.jpg	
metal-gear	Metal Gear	1987	Stealth	Konami	Konami	MSX|NES	metal gear	Metal Gear	/screenshots/1987/metal-gear.jpg	/screenshots/1987/metal-gear-2.jpg	
contra	Contra	1987	Run and Gun	Konami	Konami	Arcade|NES	contra	Contra	/screenshots/1987/contra.jpg	/screenshots/1987/contra-2.jpg|/screenshots/1987/contra-3.jpg	
final-fantasy	Final Fantasy	1987	Role-Playing	Square	Square	NES	final fantasy 1|final fantasy i|ff1|final fantasy	Final Fantasy	/screenshots/1987/final-fantasy.jpg	/screenshots/1987/final-fantasy-2.jpg|/screenshots/1987/final-fantasy-3.jpg	
leisure-suit-larry	Leisure Suit Larry in the Land of the Lounge Lizards	1987	Adventure	Sierra	Sierra On-Line	DOS	leisure suit larry|larry	Leisure Suit Larry	/screenshots/1987/leisure-suit-larry.jpg		
mario-bros-3	Super Mario Bros. 3	1988	Platformer	Nintendo	Nintendo	NES	mario 3|super mario bros 3|smb3	Super Mario Bros. 3	/screenshots/1988/mario-bros-3.jpg	/screenshots/1988/mario-bros-3-2.jpg|/screenshots/1988/mario-bros-3-3.jpg	
ninja-gaiden	Ninja Gaiden	1988	Platformer	Tecmo	Tecmo	NES	ninja gaiden	Ninja Gaiden	/screenshots/1988/ninja-gaiden.jpg	/screenshots/1988/ninja-gaiden-2.jpg	
simcity	SimCity	1989	Simulation	Brøderbund	Maxis	PC	simcity|sim city	SimCity	/screenshots/1989/simcity.jpg	/screenshots/1989/simcity-3.jpg	64
prince-of-persia	Prince of Persia	1989	Platformer	Brøderbund	Jordan Mechner	Apple II	prince of persia|pop	Prince of Persia	/screenshots/1989/prince-of-persia.jpg	/screenshots/1989/prince-of-persia-2.jpg|/screenshots/1989/prince-of-persia-3.jpg	
populous	Populous	1989	Strategy	Electronic Arts	Bullfrog	PC	populous	Populous	/screenshots/1989/populous.jpg	/screenshots/1989/populous-3.jpg	
mario-world	Super Mario World	1990	Platformer	Nintendo	Nintendo	SNES	mario world|super mario world|smw	Super Mario World	/screenshots/1990/mario-world.png	/screenshots/1990/mario-world-2.png|/screenshots/1990/mario-world-3.png	92
monkey-island	The Secret of Monkey Island	1990	Adventure	Lucasfilm Games	Lucasfilm Games	DOS	monkey island|secret of monkey island	The Secret of Monkey Island	/screenshots/1990/monkey-island.jpg	/screenshots/1990/monkey-island-3.jpg	
civilization	Sid Meier's Civilization	1991	Strategy	MicroProse	MPS Labs	DOS	civilization|civ|civ 1	Civilization	/screenshots/1991/civilization.jpg	/screenshots/1991/civilization-2.jpg|/screenshots/1991/civilization-3.jpg	
kings-quest-5	King's Quest V	1990	Adventure	Sierra	Sierra On-Line	DOS	kings quest 5|kings quest v|kqv	King's Quest V	/screenshots/1990/kings-quest-5.jpg	/screenshots/1990/kings-quest-5-2.jpg|/screenshots/1990/kings-quest-5-3.jpg	
street-fighter-ii	Street Fighter II	1991	Fighting	Capcom	Capcom	Arcade	street fighter 2|street fighter|sf2	Street Fighter II	/screenshots/1991/street-fighter-ii.jpg	/screenshots/1991/street-fighter-ii-2.jpg|/screenshots/1991/street-fighter-ii-3.jpg	84
sonic-the-hedgehog	Sonic the Hedgehog	1991	Platformer	Sega	Sonic Team	Genesis	sonic|sonic 1	Sonic the Hedgehog	/screenshots/1991/sonic-the-hedgehog.jpg	/screenshots/1991/sonic-the-hedgehog-2.jpg	
lemmings	Lemmings	1991	Puzzle	Psygnosis	DMA Design	Amiga	lemmings	Lemmings	/screenshots/1991/lemmings.jpg	/screenshots/1991/lemmings-2.jpg|/screenshots/1991/lemmings-3.jpg	
wolfenstein-3d	Wolfenstein 3D	1992	First-Person Shooter	Apogee	id Software	DOS	wolfenstein|wolfenstein 3d|wolf 3d	Wolfenstein 3D	/screenshots/1992/wolfenstein-3d.jpg	/screenshots/1992/wolfenstein-3d-2.jpg|/screenshots/1992/wolfenstein-3d-3.jpg	
mortal-kombat	Mortal Kombat	1992	Fighting	Midway	Midway	Arcade	mortal kombat|mk	Mortal Kombat	/screenshots/1992/mortal-kombat.jpg	/screenshots/1992/mortal-kombat-2.jpg|/screenshots/1992/mortal-kombat-3.jpg	
dune-2	Dune II	1992	Strategy	Virgin Games	Westwood Studios	DOS	dune 2|dune ii|dune	Dune II	/screenshots/1992/dune-2.jpg	/screenshots/1992/dune-2-2.jpg|/screenshots/1992/dune-2-3.jpg	
mario-kart	Super Mario Kart	1992	Racing	Nintendo	Nintendo	SNES	mario kart|super mario kart	Super Mario Kart	/screenshots/1992/mario-kart.png		
doom	DOOM	1993	First-Person Shooter	id Software	id Software	DOS	doom 1	DOOM	/screenshots/1993/doom.jpg	/screenshots/1993/doom-2.jpg|/screenshots/1993/doom-3.jpg	83
myst	Myst	1993	Adventure	Brøderbund	Cyan	Mac|PC	myst	Myst	/screenshots/1993/myst.jpg	/screenshots/1993/myst-2.jpg|/screenshots/1993/myst-3.jpg	
gabriel-knight	Gabriel Knight: Sins of the Fathers	1993	Adventure	Sierra	Sierra On-Line	DOS	gabriel knight	Gabriel Knight	/screenshots/1993/gabriel-knight.jpg	/screenshots/1993/gabriel-knight-2.jpg|/screenshots/1993/gabriel-knight-3.jpg	
star-fox	Star Fox	1993	Action	Nintendo	Nintendo	SNES	star fox|starfox	Star Fox	/screenshots/1993/star-fox.jpg	/screenshots/1993/star-fox-2.jpg|/screenshots/1993/star-fox-3.jpg	
dkc	Donkey Kong Country	1994	Platformer	Nintendo	Rare	SNES	donkey kong country|dkc	Donkey Kong Country	/screenshots/1994/dkc.jpg	/screenshots/1994/dkc-2.jpg|/screenshots/1994/dkc-3.jpg	
doom-2	DOOM II	1994	First-Person Shooter	GT Interactive	id Software	DOS	doom 2|doom ii	DOOM II	/screenshots/1994/doom-2.jpg	/screenshots/1994/doom-2-2.jpg|/screenshots/1994/doom-2-3.jpg	83
warcraft	Warcraft: Orcs & Humans	1994	Strategy	Blizzard Entertainment	Blizzard Entertainment	DOS	warcraft|warcraft 1	Warcraft: Orcs & Humans	/screenshots/1994/warcraft.jpg	/screenshots/1994/warcraft-3.jpg	
theme-park	Theme Park	1994	Simulation	Electronic Arts	Bullfrog	DOS	theme park	Theme Park	/screenshots/1994/theme-park.jpg	/screenshots/1994/theme-park-2.jpg|/screenshots/1994/theme-park-3.jpg	
chrono-trigger	Chrono Trigger	1995	Role-Playing	Square	Square	SNES	chrono trigger|chrono	Chrono Trigger	/screenshots/1995/chrono-trigger.jpg	/screenshots/1995/chrono-trigger-2.jpg|/screenshots/1995/chrono-trigger-3.jpg	82
command-conquer	Command & Conquer	1995	Strategy	Virgin Games	Westwood Studios	DOS	command and conquer|command conquer	Command & Conquer	/screenshots/1995/command-conquer.jpg	/screenshots/1995/command-conquer-3.jpg	94
worms	Worms	1995	Strategy	Team17	Team17	Amiga|PC	worms	Worms	/screenshots/1995/worms.jpg	/screenshots/1995/worms-2.jpg|/screenshots/1995/worms-3.jpg	
super-mario-64	Super Mario 64	1996	Platformer	Nintendo	Nintendo EAD	N64	mario 64|super mario	Super Mario 64	/screenshots/1996/super-mario-64.jpg	/screenshots/1996/super-mario-64-2.jpg|/screenshots/1996/super-mario-64-3.jpg	94
pokemon-red-blue	Pokémon Red / Blue	1996	Role-Playing	Nintendo	Game Freak	Game Boy	pokemon red|pokemon blue|pokemon	Pokémon Red	/screenshots/1996/pokemon-red-blue.jpg	/screenshots/1996/pokemon-red-blue-2.jpg|/screenshots/1996/pokemon-red-blue-3.jpg	
quake	Quake	1996	First-Person Shooter	id Software	id Software	DOS	quake	Quake	/screenshots/1996/quake.jpg	/screenshots/1996/quake-2.jpg|/screenshots/1996/quake-3.jpg	94
resident-evil	Resident Evil	1996	Survival Horror	Capcom	Capcom	PS1	resident evil|re1|biohazard	Resident Evil	/screenshots/1996/resident-evil.jpg	/screenshots/1996/resident-evil-2.jpg|/screenshots/1996/resident-evil-3.jpg	91
crash	Crash Bandicoot	1996	Platformer	Sony Computer Entertainment	Naughty Dog	PS1	crash bandicoot|crash	Crash Bandicoot	/screenshots/1996/crash.jpg	/screenshots/1996/crash-2.jpg|/screenshots/1996/crash-3.jpg	
diablo	Diablo	1996	Action RPG	Blizzard Entertainment	Blizzard North	PC	diablo 1|diablo	Diablo	/screenshots/1996/diablo.jpg	/screenshots/1996/diablo-2.jpg	94
tomb-raider	Tomb Raider	1996	Action-Adventure	Eidos Interactive	Core Design	PS1|PC	tomb raider|tomb raider 1|lara croft	Tomb Raider	/screenshots/1996/tomb-raider.jpg	/screenshots/1996/tomb-raider-2.jpg|/screenshots/1996/tomb-raider-3.jpg	
duke3d	Duke Nukem 3D	1996	First-Person Shooter	GT Interactive	3D Realms	DOS	duke nukem|duke nukem 3d|duke	Duke Nukem 3D	/screenshots/1996/duke3d.jpg	/screenshots/1996/duke3d-3.jpg	
final-fantasy-vii	Final Fantasy VII	1997	Role-Playing	Square	Square	PS1	final fantasy 7|final fantasy vii|final fantasy|ff7|ffvii	Final Fantasy VII	/screenshots/1997/final-fantasy-vii.jpg	/screenshots/1997/final-fantasy-vii-2.jpg|/screenshots/1997/final-fantasy-vii-3.jpg	
goldeneye	GoldenEye 007	1997	First-Person Shooter	Nintendo	Rare	N64	goldeneye|goldeneye 007|golden eye	GoldenEye 007	/screenshots/1997/goldeneye.jpg	/screenshots/1997/goldeneye-2.jpg|/screenshots/1997/goldeneye-3.jpg	
age-of-empires	Age of Empires	1997	Strategy	Microsoft	Ensemble Studios	PC	age of empires|aoe	Age of Empires	/screenshots/1997/age-of-empires.jpg	/screenshots/1997/age-of-empires-3.jpg	
gran-turismo	Gran Turismo	1997	Racing	Sony Computer Entertainment	Polyphony Digital	PS1	gran turismo|gt	Gran Turismo	/screenshots/1997/gran-turismo.jpg	/screenshots/1997/gran-turismo-2.jpg|/screenshots/1997/gran-turismo-3.jpg	
fallout	Fallout	1997	Role-Playing	Interplay	Black Isle Studios	PC	fallout|fallout 1	Fallout	/screenshots/1997/fallout.jpg	/screenshots/1997/fallout-2.jpg|/screenshots/1997/fallout-3.jpg	
sotn	Castlevania: Symphony of the Night	1997	Action-Adventure	Konami	Konami	PS1	symphony of the night|sotn|castlevania sotn|akumajou dracula|dracula x	Castlevania: Symphony of the Night	/screenshots/1997/sotn.jpg	/screenshots/1997/sotn-3.jpg	
ocarina-of-time	The Legend of Zelda: Ocarina of Time	1998	Action-Adventure	Nintendo	Nintendo EAD	N64	zelda ocarina of time|ocarina of time|zelda oot|oot	The Legend of Zelda: Ocarina of Time	/screenshots/1998/ocarina-of-time.jpg	/screenshots/1998/ocarina-of-time-2.jpg|/screenshots/1998/ocarina-of-time-3.jpg	
half-life	Half-Life	1998	First-Person Shooter	Sierra	Valve	PC	half life|half life 1|hl1	Half-Life	/screenshots/1998/half-life.jpg	/screenshots/1998/half-life-2.jpg|/screenshots/1998/half-life-3.jpg	
starcraft	StarCraft	1998	Strategy	Blizzard Entertainment	Blizzard Entertainment	PC	starcraft|starcraft 1|sc	StarCraft	/screenshots/1998/starcraft.jpg	/screenshots/1998/starcraft-2.jpg|/screenshots/1998/starcraft-3.jpg	
mgs	Metal Gear Solid	1998	Stealth	Konami	Konami	PS1	metal gear solid|mgs	Metal Gear Solid	/screenshots/1998/mgs.jpg	/screenshots/1998/mgs-2.jpg|/screenshots/1998/mgs-3.jpg	
grim-fandango	Grim Fandango	1998	Adventure	LucasArts	LucasArts	PC	grim fandango	Grim Fandango	/screenshots/1998/grim-fandango.jpg	/screenshots/1998/grim-fandango-3.jpg	
baldur-gate	Baldur's Gate	1998	Role-Playing	Interplay	BioWare	PC	baldurs gate|baldur gate|bg1|bg|wrota baldura	Baldur's Gate	/screenshots/1998/baldur-gate.jpg	/screenshots/1998/baldur-gate-2.jpg|/screenshots/1998/baldur-gate-3.jpg	
silent-hill	Silent Hill	1999	Survival Horror	Konami	Konami	PS1	silent hill	Silent Hill	/screenshots/1999/silent-hill.png		
aoe2	Age of Empires II	1999	Strategy	Microsoft	Ensemble Studios	PC	age of empires 2|aoe2|aoe 2	Age of Empires II	/screenshots/1999/aoe2.jpg	/screenshots/1999/aoe2-3.jpg	
ut	Unreal Tournament	1999	First-Person Shooter	GT Interactive	Epic Games	PC	unreal tournament|ut	Unreal Tournament	/screenshots/1999/ut.jpg	/screenshots/1999/ut-2.jpg|/screenshots/1999/ut-3.jpg	
shenmue	Shenmue	1999	Action-Adventure	Sega	Sega AM2	Dreamcast	shenmue	Shenmue	/screenshots/1999/shenmue.jpg	/screenshots/1999/shenmue-3.jpg	
the-sims	The Sims	2000	Simulation	Electronic Arts	Maxis	PC	sims|sims 1	The Sims	/screenshots/2000/the-sims.jpg	/screenshots/2000/the-sims-2.jpg|/screenshots/2000/the-sims-3.jpg	
diablo-ii	Diablo II	2000	Action RPG	Blizzard Entertainment	Blizzard Entertainment	PC	diablo 2|diablo	Diablo II	/screenshots/2000/diablo-ii.jpg	/screenshots/2000/diablo-ii-3.jpg	
counter-strike	Counter-Strike	2000	First-Person Shooter	Valve	Valve	PC	counter strike|cs|cs 1.6	Counter-Strike	/screenshots/2000/counter-strike.jpg	/screenshots/2000/counter-strike-2.jpg|/screenshots/2000/counter-strike-3.jpg	
deus-ex	Deus Ex	2000	Action RPG	Eidos Interactive	Ion Storm	PC	deus ex	Deus Ex	/screenshots/2000/deus-ex.jpg	/screenshots/2000/deus-ex-2.jpg|/screenshots/2000/deus-ex-3.jpg	
perfect-dark	Perfect Dark	2000	First-Person Shooter	Nintendo	Rare	N64	perfect dark	Perfect Dark	/screenshots/2000/perfect-dark.jpg	/screenshots/2000/perfect-dark-3.jpg	
majora	The Legend of Zelda: Majora's Mask	2000	Action-Adventure	Nintendo	Nintendo EAD	N64	majora|majoras mask|zelda majoras mask	The Legend of Zelda: Majora's Mask	/screenshots/2000/majora.jpg	/screenshots/2000/majora-2.jpg|/screenshots/2000/majora-3.jpg	
thps2	Tony Hawk's Pro Skater 2	2000	Sports	Activision	Neversoft	PS1	tony hawk|tony hawk 2|thps2	Tony Hawk's Pro Skater 2	/screenshots/2000/thps2.jpg	/screenshots/2000/thps2-2.jpg|/screenshots/2000/thps2-3.jpg	
halo	Halo: Combat Evolved	2001	First-Person Shooter	Microsoft	Bungie	Xbox	halo|halo 1|halo combat evolved	Halo: Combat Evolved	/screenshots/2001/halo.jpg	/screenshots/2001/halo-3.jpg	
gta3	Grand Theft Auto III	2001	Action-Adventure	Rockstar Games	DMA Design	PS2	gta 3|gta iii|gta3	Grand Theft Auto III	/screenshots/2001/gta3.jpg	/screenshots/2001/gta3-2.jpg	
pikmin	Pikmin	2001	Strategy	Nintendo	Nintendo	GameCube	pikmin	Pikmin	/screenshots/2001/pikmin.jpg	/screenshots/2001/pikmin-2.jpg|/screenshots/2001/pikmin-3.jpg	
sh2	Silent Hill 2	2001	Survival Horror	Konami	Konami	PS2	silent hill 2	Silent Hill 2	/screenshots/2001/sh2.jpg	/screenshots/2001/sh2-2.jpg|/screenshots/2001/sh2-3.jpg	
ffx	Final Fantasy X	2001	Role-Playing	Square	Square	PS2	final fantasy 10|final fantasy x|ffx|ff10	Final Fantasy X	/screenshots/2001/ffx.jpg	/screenshots/2001/ffx-3.jpg	
gta-vice-city	Grand Theft Auto: Vice City	2002	Action-Adventure	Rockstar Games	Rockstar North	PS2	gta vice city|gta vc|vice city	Grand Theft Auto: Vice City	/screenshots/2002/gta-vice-city.jpg	/screenshots/2002/gta-vice-city-2.jpg|/screenshots/2002/gta-vice-city-3.jpg	
metroid-prime	Metroid Prime	2002	First-Person Shooter	Nintendo	Retro Studios	GameCube	metroid prime	Metroid Prime	/screenshots/2002/metroid-prime.jpg	/screenshots/2002/metroid-prime-2.jpg|/screenshots/2002/metroid-prime-3.jpg	
bf1942	Battlefield 1942	2002	First-Person Shooter	Electronic Arts	DICE	PC	battlefield 1942|bf1942|battlefield	Battlefield 1942	/screenshots/2002/bf1942.jpg	/screenshots/2002/bf1942-2.jpg|/screenshots/2002/bf1942-3.jpg	
morrowind	The Elder Scrolls III: Morrowind	2002	Role-Playing	Bethesda Softworks	Bethesda Game Studios	PC|Xbox	morrowind|elder scrolls 3|elder scrolls iii|tes3	The Elder Scrolls III: Morrowind	/screenshots/2002/morrowind.jpg	/screenshots/2002/morrowind-3.jpg	
warcraft3	Warcraft III	2002	Strategy	Blizzard Entertainment	Blizzard Entertainment	PC	warcraft 3|warcraft iii|wc3	Warcraft III	/screenshots/2002/warcraft3.jpg	/screenshots/2002/warcraft3-3.jpg	
kingdom-hearts	Kingdom Hearts	2002	Action RPG	Square	Square	PS2	kingdom hearts|kh	Kingdom Hearts	/screenshots/2002/kingdom-hearts.jpg	/screenshots/2002/kingdom-hearts-2.jpg|/screenshots/2002/kingdom-hearts-3.jpg	
wind-waker	The Legend of Zelda: The Wind Waker	2003	Action-Adventure	Nintendo	Nintendo EAD	GameCube	wind waker|zelda wind waker	The Legend of Zelda: The Wind Waker	/screenshots/2003/wind-waker.jpg	/screenshots/2003/wind-waker-3.jpg	
cod	Call of Duty	2003	First-Person Shooter	Activision	Infinity Ward	PC	call of duty|cod	Call of Duty	/screenshots/2003/cod.jpg	/screenshots/2003/cod-3.jpg	
sands-of-time	Prince of Persia: The Sands of Time	2003	Action-Adventure	Ubisoft	Ubisoft Montreal	PS2|GameCube|Xbox	sands of time|prince of persia sands of time	Prince of Persia: The Sands of Time	/screenshots/2003/sands-of-time.jpg	/screenshots/2003/sands-of-time-3.jpg	
kotor	Star Wars: Knights of the Old Republic	2003	Role-Playing	LucasArts	BioWare	Xbox|PC	kotor|knights of the old republic	Star Wars: Knights of the Old Republic	/screenshots/2003/kotor.jpg	/screenshots/2003/kotor-3.jpg	
half-life-2	Half-Life 2	2004	First-Person Shooter	Valve	Valve	PC	half life 2|hl2	Half-Life 2	/screenshots/2004/half-life-2.jpg	/screenshots/2004/half-life-2-2.jpg|/screenshots/2004/half-life-2-3.jpg	
world-of-warcraft	World of Warcraft	2004	MMORPG	Blizzard Entertainment	Blizzard Entertainment	PC	wow|world of warcraft|warcraft	World of Warcraft	/screenshots/2004/world-of-warcraft.jpg	/screenshots/2004/world-of-warcraft-3.jpg	
san-andreas	Grand Theft Auto: San Andreas	2004	Action-Adventure	Rockstar Games	Rockstar North	PS2	san andreas|gta san andreas	Grand Theft Auto: San Andreas	/screenshots/2004/san-andreas.jpg	/screenshots/2004/san-andreas-2.jpg	
fable	Fable	2004	Role-Playing	Microsoft	Lionhead Studios	Xbox	fable	Fable	/screenshots/2004/fable.jpg	/screenshots/2004/fable-2.jpg|/screenshots/2004/fable-3.jpg	
far-cry	Far Cry	2004	First-Person Shooter	Ubisoft	Crytek	PC	far cry|farcry	Far Cry	/screenshots/2004/far-cry.jpg	/screenshots/2004/far-cry-2.jpg|/screenshots/2004/far-cry-3.jpg	
re4	Resident Evil 4	2005	Survival Horror	Capcom	Capcom	GameCube|PS2	resident evil 4|re4	Resident Evil 4	/screenshots/2005/re4.jpg	/screenshots/2005/re4-2.jpg|/screenshots/2005/re4-3.jpg	
gow	God of War	2005	Action-Adventure	Sony Computer Entertainment	Santa Monica Studio	PS2	god of war	God of War	/screenshots/2005/gow.jpg	/screenshots/2005/gow-3.jpg	
guitar-hero	Guitar Hero	2005	Music	RedOctane	Harmonix	PS2	guitar hero	Guitar Hero	/screenshots/2005/guitar-hero.jpg	/screenshots/2005/guitar-hero-2.jpg|/screenshots/2005/guitar-hero-3.jpg	
civ4	Sid Meier's Civilization IV	2005	Strategy	2K Games	Firaxis Games	PC	civilization 4|civ 4|civ4|meistertrainer 4|meistertrainer	Civilization IV	/screenshots/2005/civ4.jpg	/screenshots/2005/civ4-2.jpg|/screenshots/2005/civ4-3.jpg	
sotc	Shadow of the Colossus	2005	Action-Adventure	Sony Computer Entertainment	Team Ico	PS2	shadow of the colossus	Shadow of the Colossus	/screenshots/2005/sotc.jpg	/screenshots/2005/sotc-2.jpg|/screenshots/2005/sotc-3.jpg	
wii-sports	Wii Sports	2006	Sports	Nintendo	Nintendo EAD	Wii	wii sports	Wii Sports	/screenshots/2006/wii-sports.jpg	/screenshots/2006/wii-sports-2.jpg|/screenshots/2006/wii-sports-3.jpg	
gears	Gears of War	2006	Third-Person Shooter	Microsoft	Epic Games	Xbox 360	gears of war|gears	Gears of War	/screenshots/2006/gears.jpg	/screenshots/2006/gears-3.jpg	
oblivion	The Elder Scrolls IV: Oblivion	2006	Role-Playing	Bethesda Softworks	Bethesda Game Studios	PC|Xbox 360|PS3	oblivion|elder scrolls 4|tes4	The Elder Scrolls IV: Oblivion	/screenshots/2006/oblivion.jpg	/screenshots/2006/oblivion-3.jpg	
nsmb	New Super Mario Bros.	2006	Platformer	Nintendo	Nintendo	DS	new super mario bros|nsmb	New Super Mario Bros.	/screenshots/2006/nsmb.jpg	/screenshots/2006/nsmb-2.jpg|/screenshots/2006/nsmb-3.jpg	
portal	Portal	2007	Puzzle	Valve	Valve	PC|Xbox 360|PS3	portal 1	Portal	/screenshots/2007/portal.jpg	/screenshots/2007/portal-2.jpg|/screenshots/2007/portal-3.jpg	
bioshock	BioShock	2007	First-Person Shooter	2K Games	Irrational Games	Xbox 360|PC|PS3	bioshock	BioShock	/screenshots/2007/bioshock.jpg	/screenshots/2007/bioshock-2.jpg|/screenshots/2007/bioshock-3.jpg	
mass-effect	Mass Effect	2007	Role-Playing	Microsoft	BioWare	Xbox 360|PC	mass effect|me1	Mass Effect	/screenshots/2007/mass-effect.jpg	/screenshots/2007/mass-effect-2.jpg|/screenshots/2007/mass-effect-3.jpg	
assassins-creed	Assassin's Creed	2007	Action-Adventure	Ubisoft	Ubisoft Montreal	PS3|Xbox 360|PC	assassins creed|assassin creed|ac1	Assassin's Creed	/screenshots/2007/assassins-creed.jpg		
mario-galaxy	Super Mario Galaxy	2007	Platformer	Nintendo	Nintendo EAD	Wii	mario galaxy|super mario galaxy	Super Mario Galaxy	/screenshots/2007/mario-galaxy.jpg	/screenshots/2007/mario-galaxy-2.jpg|/screenshots/2007/mario-galaxy-3.jpg	
cod4	Call of Duty 4: Modern Warfare	2007	First-Person Shooter	Activision	Infinity Ward	PC|Xbox 360|PS3	modern warfare|cod4|call of duty 4	Call of Duty 4: Modern Warfare	/screenshots/2007/cod4.jpg	/screenshots/2007/cod4-2.jpg|/screenshots/2007/cod4-3.jpg	
gta4	Grand Theft Auto IV	2008	Action-Adventure	Rockstar Games	Rockstar North	PS3|Xbox 360|PC	gta 4|gta iv|gta4	Grand Theft Auto IV	/screenshots/2008/gta4.jpg	/screenshots/2008/gta4-3.jpg	
fallout3	Fallout 3	2008	Role-Playing	Bethesda Softworks	Bethesda Game Studios	PS3|Xbox 360|PC	fallout 3	Fallout 3	/screenshots/2008/fallout3.jpg	/screenshots/2008/fallout3-3.jpg	
l4d	Left 4 Dead	2008	First-Person Shooter	Valve	Turtle Rock Studios	PC|Xbox 360	left 4 dead|l4d	Left 4 Dead	/screenshots/2008/l4d.jpg	/screenshots/2008/l4d-2.jpg|/screenshots/2008/l4d-3.jpg	
dead-space	Dead Space	2008	Survival Horror	Electronic Arts	Visceral Games	PS3|Xbox 360|PC	dead space	Dead Space	/screenshots/2008/dead-space.jpg	/screenshots/2008/dead-space-2.jpg|/screenshots/2008/dead-space-3.jpg	
mirror-edge	Mirror's Edge	2008	Action	Electronic Arts	DICE	PS3|Xbox 360|PC	mirrors edge|mirror edge	Mirror's Edge	/screenshots/2008/mirror-edge.jpg	/screenshots/2008/mirror-edge-2.jpg|/screenshots/2008/mirror-edge-3.jpg	
uncharted2	Uncharted 2: Among Thieves	2009	Action-Adventure	Sony Computer Entertainment	Naughty Dog	PS3	uncharted 2	Uncharted 2: Among Thieves	/screenshots/2009/uncharted2.jpg	/screenshots/2009/uncharted2-2.jpg|/screenshots/2009/uncharted2-3.jpg	
arkham	Batman: Arkham Asylum	2009	Action-Adventure	Eidos Interactive	Rocksteady Studios	PS3|Xbox 360|PC	arkham asylum|batman arkham	Batman: Arkham Asylum	/screenshots/2009/arkham.jpg	/screenshots/2009/arkham-3.jpg	
lol	League of Legends	2009	MOBA	Riot Games	Riot Games	PC	league of legends|lol|league	League of Legends	/screenshots/2009/lol.jpg	/screenshots/2009/lol-3.jpg	
angry-birds	Angry Birds	2009	Puzzle	Rovio	Rovio	Mobile	angry birds	Angry Birds	/screenshots/2009/angry-birds.jpg	/screenshots/2009/angry-birds-2.jpg|/screenshots/2009/angry-birds-3.jpg	
dragon-age	Dragon Age: Origins	2009	Role-Playing	Electronic Arts	BioWare	PS3|Xbox 360|PC	dragon age|dragon age origins	Dragon Age: Origins	/screenshots/2009/dragon-age.jpg	/screenshots/2009/dragon-age-3.jpg	
rdr1	Red Dead Redemption	2010	Action-Adventure	Rockstar Games	Rockstar San Diego	PS3|Xbox 360	red dead redemption|rdr|red dead 1	Red Dead Redemption	/screenshots/2010/rdr1.jpg	/screenshots/2010/rdr1-2.jpg|/screenshots/2010/rdr1-3.jpg	
me2	Mass Effect 2	2010	Role-Playing	Electronic Arts	BioWare	PS3|Xbox 360|PC	mass effect 2|me2	Mass Effect 2	/screenshots/2010/me2.jpg	/screenshots/2010/me2-2.jpg|/screenshots/2010/me2-3.jpg	
sc2	StarCraft II	2010	Strategy	Blizzard Entertainment	Blizzard Entertainment	PC	starcraft 2|starcraft ii|sc2	StarCraft II	/screenshots/2010/sc2.jpg	/screenshots/2010/sc2-2.jpg|/screenshots/2010/sc2-3.jpg	
galaxy2	Super Mario Galaxy 2	2010	Platformer	Nintendo	Nintendo EAD	Wii	mario galaxy 2|galaxy 2	Super Mario Galaxy 2	/screenshots/2010/galaxy2.jpg	/screenshots/2010/galaxy2-2.jpg|/screenshots/2010/galaxy2-3.jpg	
heavy-rain	Heavy Rain	2010	Adventure	Sony Computer Entertainment	Quantic Dream	PS3	heavy rain	Heavy Rain	/screenshots/2010/heavy-rain.jpg	/screenshots/2010/heavy-rain-3.jpg	
limbo	Limbo	2010	Platformer	Playdead	Playdead	Xbox 360	limbo	Limbo	/screenshots/2010/limbo.jpg	/screenshots/2010/limbo-3.jpg	
minecraft	Minecraft	2011	Sandbox	Mojang Studios	Mojang	PC		Minecraft	/screenshots/2011/minecraft.jpg	/screenshots/2011/minecraft-2.jpg	
skyrim	The Elder Scrolls V: Skyrim	2011	Action RPG	Bethesda Softworks	Bethesda Game Studios	PS3|Xbox 360|PC	skyrim|elder scrolls skyrim|elder scrolls 5|elder scrolls v|tes5	The Elder Scrolls V: Skyrim	/screenshots/2011/skyrim.jpg	/screenshots/2011/skyrim-3.jpg	
portal2	Portal 2	2011	Puzzle	Valve	Valve	PS3|Xbox 360|PC	portal 2	Portal 2	/screenshots/2011/portal2.jpg	/screenshots/2011/portal2-2.jpg|/screenshots/2011/portal2-3.jpg	
dark-souls	Dark Souls	2011	Action RPG	Bandai Namco	FromSoftware	PS3|Xbox 360|PC	dark souls|ds1	Dark Souls	/screenshots/2011/dark-souls.jpg	/screenshots/2011/dark-souls-3.jpg	
witcher2	The Witcher 2	2011	Role-Playing	CD Projekt	CD Projekt Red	PC|Xbox 360	witcher 2	The Witcher 2	/screenshots/2011/witcher2.jpg	/screenshots/2011/witcher2-3.jpg	
bf3	Battlefield 3	2011	First-Person Shooter	Electronic Arts	DICE	PS3|Xbox 360|PC	battlefield 3|bf3	Battlefield 3	/screenshots/2011/bf3.jpg	/screenshots/2011/bf3-3.jpg	
dishonored	Dishonored	2012	Stealth	Bethesda Softworks	Arkane Studios	PS3|Xbox 360|PC	dishonored	Dishonored	/screenshots/2012/dishonored.jpg	/screenshots/2012/dishonored-3.jpg	
xcom	XCOM: Enemy Unknown	2012	Strategy	2K Games	Firaxis Games	PS3|Xbox 360|PC	xcom|xcom enemy unknown	XCOM: Enemy Unknown	/screenshots/2012/xcom.jpg	/screenshots/2012/xcom-3.jpg	
journey	Journey	2012	Adventure	Sony Computer Entertainment	thatgamecompany	PS3	journey	Journey	/screenshots/2012/journey.jpg		
diablo3	Diablo III	2012	Action RPG	Blizzard Entertainment	Blizzard Entertainment	PC	diablo 3|diablo iii|d3	Diablo III	/screenshots/2012/diablo3.jpg	/screenshots/2012/diablo3-2.jpg|/screenshots/2012/diablo3-3.jpg	
borderlands2	Borderlands 2	2012	First-Person Shooter	2K Games	Gearbox Software	PS3|Xbox 360|PC	borderlands 2	Borderlands 2	/screenshots/2012/borderlands2.jpg	/screenshots/2012/borderlands2-2.jpg	
far-cry-3	Far Cry 3	2012	First-Person Shooter	Ubisoft	Ubisoft Montreal	PS3|Xbox 360|PC	far cry 3	Far Cry 3	/screenshots/2012/far-cry-3.jpg	/screenshots/2012/far-cry-3-2.jpg|/screenshots/2012/far-cry-3-3.jpg	
gta-v	Grand Theft Auto V	2013	Action-Adventure	Rockstar Games	Rockstar North	PS3|Xbox 360	gta 5|gta v|gta five|grand theft auto 5	Grand Theft Auto V	/screenshots/2013/gta-v.jpg	/screenshots/2013/gta-v-2.jpg|/screenshots/2013/gta-v-3.jpg	
the-last-of-us	The Last of Us	2013	Action-Adventure	Sony Computer Entertainment	Naughty Dog	PS3	last of us|tlou	The Last of Us	/screenshots/2013/the-last-of-us.jpg	/screenshots/2013/the-last-of-us-2.jpg|/screenshots/2013/the-last-of-us-3.jpg	
bioshock-infinite	BioShock Infinite	2013	First-Person Shooter	2K Games	Irrational Games	PS3|Xbox 360|PC	bioshock infinite	BioShock Infinite	/screenshots/2013/bioshock-infinite.jpg	/screenshots/2013/bioshock-infinite-3.jpg	
tomb-raider-2013	Tomb Raider	2013	Action-Adventure	Square Enix	Crystal Dynamics	PS3|Xbox 360|PC	tomb raider 2013	Tomb Raider	/screenshots/2013/tomb-raider-2013.jpg	/screenshots/2013/tomb-raider-2013-2.jpg|/screenshots/2013/tomb-raider-2013-3.jpg	
papers-please	Papers, Please	2013	Simulation	Lucas Pope	Lucas Pope	PC	papers please	Papers, Please	/screenshots/2013/papers-please.jpg	/screenshots/2013/papers-please-2.jpg	
dota2	Dota 2	2013	MOBA	Valve	Valve	PC	dota 2|dota	Dota 2	/screenshots/2013/dota2.jpg	/screenshots/2013/dota2-3.jpg	
mk8	Mario Kart 8	2014	Racing	Nintendo	Nintendo	Wii U|Switch	mario kart 8|mk8	Mario Kart 8	/screenshots/2014/mk8.jpg	/screenshots/2014/mk8-2.jpg	
hearthstone	Hearthstone	2014	Card Game	Blizzard Entertainment	Blizzard Entertainment	PC|Mobile	hearthstone|hs	Hearthstone	/screenshots/2014/hearthstone.jpg	/screenshots/2014/hearthstone-3.jpg	
alien-isolation	Alien: Isolation	2014	Survival Horror	Sega	Creative Assembly	PS4|Xbox One|PC	alien isolation	Alien: Isolation	/screenshots/2014/alien-isolation.jpg	/screenshots/2014/alien-isolation-2.jpg|/screenshots/2014/alien-isolation-3.jpg	
destiny	Destiny	2014	First-Person Shooter	Activision	Bungie	PS4|Xbox One	destiny	Destiny	/screenshots/2014/destiny.jpg	/screenshots/2014/destiny-2.jpg|/screenshots/2014/destiny-3.jpg	
the-witcher-3	The Witcher 3: Wild Hunt	2015	Action RPG	CD Projekt	CD Projekt Red	PS4|Xbox One|PC	witcher 3|the witcher 3|witcher|wild hunt	The Witcher 3: Wild Hunt	/screenshots/2015/the-witcher-3.jpg	/screenshots/2015/the-witcher-3-2.jpg|/screenshots/2015/the-witcher-3-3.jpg	
rocket-league	Rocket League	2015	Sports	Psyonix	Psyonix	PS4|PC	rocket league	Rocket League	/screenshots/2015/rocket-league.jpg	/screenshots/2015/rocket-league-3.jpg	
fallout4	Fallout 4	2015	Role-Playing	Bethesda Softworks	Bethesda Game Studios	PS4|Xbox One|PC	fallout 4	Fallout 4	/screenshots/2015/fallout4.jpg	/screenshots/2015/fallout4-3.jpg	
bloodborne	Bloodborne	2015	Action RPG	Sony Computer Entertainment	FromSoftware	PS4	bloodborne	Bloodborne	/screenshots/2015/bloodborne.jpg	/screenshots/2015/bloodborne-3.jpg	
undertale	Undertale	2015	Role-Playing	Toby Fox	Toby Fox	PC	undertale	Undertale	/screenshots/2015/undertale.jpg	/screenshots/2015/undertale-2.jpg	
mgsv	Metal Gear Solid V	2015	Stealth	Konami	Kojima Productions	PS4|Xbox One|PC	metal gear solid 5|mgsv|phantom pain	Metal Gear Solid V	/screenshots/2015/mgsv.jpg	/screenshots/2015/mgsv-3.jpg	
overwatch	Overwatch	2016	Hero Shooter	Blizzard Entertainment	Blizzard Entertainment	PS4|Xbox One|PC	overwatch	Overwatch	/screenshots/2016/overwatch.jpg	/screenshots/2016/overwatch-2.jpg|/screenshots/2016/overwatch-3.jpg	
doom-2016	DOOM (2016)	2016	First-Person Shooter	Bethesda Softworks	id Software	PS4|Xbox One|PC	doom 2016|doom|doom 4|doom iv|doom classic	DOOM	/screenshots/2016/doom-2016.jpg	/screenshots/2016/doom-2016-2.jpg|/screenshots/2016/doom-2016-3.jpg	83
stardew	Stardew Valley	2016	Simulation	ConcernedApe	ConcernedApe	PC	stardew valley|stardew	Stardew Valley	/screenshots/2016/stardew.jpg	/screenshots/2016/stardew-3.jpg	
inside	Inside	2016	Platformer	Playdead	Playdead	Xbox One|PC	inside	Inside	/screenshots/2016/inside.jpg	/screenshots/2016/inside-3.jpg	
uncharted4	Uncharted 4	2016	Action-Adventure	Sony Computer Entertainment	Naughty Dog	PS4	uncharted 4	Uncharted 4	/screenshots/2016/uncharted4.jpg	/screenshots/2016/uncharted4-3.jpg	
breath-of-the-wild	The Legend of Zelda: Breath of the Wild	2017	Action-Adventure	Nintendo	Nintendo EPD	Wii U|Switch	zelda breath of the wild|breath of the wild|botw	The Legend of Zelda: Breath of the Wild	/screenshots/2017/breath-of-the-wild.jpg	/screenshots/2017/breath-of-the-wild-2.jpg|/screenshots/2017/breath-of-the-wild-3.jpg	
fortnite	Fortnite	2017	Battle Royale	Epic Games	Epic Games	PS4|Xbox One|PC		Fortnite	/screenshots/2017/fortnite.jpg	/screenshots/2017/fortnite-2.jpg|/screenshots/2017/fortnite-3.jpg	
horizon	Horizon Zero Dawn	2017	Action RPG	Sony Interactive Entertainment	Guerrilla Games	PS4	horizon zero dawn|horizon	Horizon Zero Dawn	/screenshots/2017/horizon.jpg	/screenshots/2017/horizon-3.jpg	
pubg	PlayerUnknown's Battlegrounds	2017	Battle Royale	Krafton	Krafton	PC|Xbox One	pubg|playerunknowns battlegrounds	PlayerUnknown's Battlegrounds	/screenshots/2017/pubg.jpg	/screenshots/2017/pubg-2.jpg|/screenshots/2017/pubg-3.jpg	
odyssey	Super Mario Odyssey	2017	Platformer	Nintendo	Nintendo EPD	Switch	mario odyssey|odyssey	Super Mario Odyssey	/screenshots/2017/odyssey.jpg	/screenshots/2017/odyssey-2.jpg|/screenshots/2017/odyssey-3.jpg	
cuphead	Cuphead	2017	Run and Gun	Studio MDHR	Studio MDHR	Xbox One|PC	cuphead	Cuphead	/screenshots/2017/cuphead.jpg	/screenshots/2017/cuphead-3.jpg	
rdr2	Red Dead Redemption 2	2018	Action-Adventure	Rockstar Games	Rockstar Studios	PS4|Xbox One|PC	red dead redemption 2|red dead 2|rdr2	Red Dead Redemption 2	/screenshots/2018/rdr2.jpg	/screenshots/2018/rdr2-3.jpg	
gow-2018	God of War (2018)	2018	Action-Adventure	Sony Interactive Entertainment	Santa Monica Studio	PS4	god of war 2018|god of war	God of War	/screenshots/2018/gow-2018.jpg	/screenshots/2018/gow-2018-2.jpg|/screenshots/2018/gow-2018-3.jpg	
spider-man	Marvel's Spider-Man	2018	Action-Adventure	Sony Interactive Entertainment	Insomniac Games	PS4	spider-man|spiderman|spider man	Marvel's Spider-Man	/screenshots/2018/spider-man.jpg	/screenshots/2018/spider-man-2.jpg|/screenshots/2018/spider-man-3.jpg	
celeste	Celeste	2018	Platformer	Maddy Makes Games	Maddy Makes Games	PC|Switch|PS4	celeste	Celeste	/screenshots/2018/celeste.jpg	/screenshots/2018/celeste-3.jpg	
mhw	Monster Hunter: World	2018	Action RPG	Capcom	Capcom	PS4|Xbox One|PC	monster hunter world|mhw|monster hunter	Monster Hunter: World	/screenshots/2018/mhw.jpg	/screenshots/2018/mhw-3.jpg	
smash-ultimate	Super Smash Bros. Ultimate	2018	Fighting	Nintendo	Nintendo	Switch	smash ultimate|smash bros ultimate|smash	Super Smash Bros. Ultimate	/screenshots/2018/smash-ultimate.jpg	/screenshots/2018/smash-ultimate-3.jpg	
sekiro	Sekiro: Shadows Die Twice	2019	Action-Adventure	Activision	FromSoftware	PS4|Xbox One|PC	sekiro	Sekiro: Shadows Die Twice	/screenshots/2019/sekiro.jpg	/screenshots/2019/sekiro-2.jpg|/screenshots/2019/sekiro-3.jpg	
disco	Disco Elysium	2019	Role-Playing	ZA/UM	ZA/UM	PC	disco elysium	Disco Elysium	/screenshots/2019/disco.jpg	/screenshots/2019/disco-2.jpg|/screenshots/2019/disco-3.jpg	
death-stranding	Death Stranding	2019	Action-Adventure	Sony Interactive Entertainment	Kojima Productions	PS4	death stranding	Death Stranding	/screenshots/2019/death-stranding.jpg	/screenshots/2019/death-stranding-3.jpg	
re2	Resident Evil 2 (2019)	2019	Survival Horror	Capcom	Capcom	PS4|Xbox One|PC	resident evil 2|re2 remake	Resident Evil 2	/screenshots/2019/re2.jpg	/screenshots/2019/re2-2.jpg|/screenshots/2019/re2-3.jpg	
acnh	Animal Crossing: New Horizons	2020	Simulation	Nintendo	Nintendo	Switch	animal crossing|new horizons|acnh	Animal Crossing: New Horizons	/screenshots/2020/acnh.jpg	/screenshots/2020/acnh-2.jpg|/screenshots/2020/acnh-3.jpg	
ghost-tsushima	Ghost of Tsushima	2020	Action-Adventure	Sony Interactive Entertainment	Sucker Punch	PS4	ghost of tsushima	Ghost of Tsushima	/screenshots/2020/ghost-tsushima.jpg	/screenshots/2020/ghost-tsushima-3.jpg	
hades	Hades	2020	Roguelike	Supergiant Games	Supergiant Games	Switch|PC	hades	Hades	/screenshots/2020/hades.jpg	/screenshots/2020/hades-2.jpg|/screenshots/2020/hades-3.jpg	
fall-guys	Fall Guys	2020	Party	Devolver Digital	Mediatonic	PS4|PC	fall guys	Fall Guys	/screenshots/2020/fall-guys.jpg	/screenshots/2020/fall-guys-2.jpg	
cyberpunk	Cyberpunk 2077	2020	Role-Playing	CD Projekt	CD Projekt Red	PS4|Xbox One|PC	cyberpunk|cyberpunk 2077	Cyberpunk 2077	/screenshots/2020/cyberpunk.jpg	/screenshots/2020/cyberpunk-2.jpg|/screenshots/2020/cyberpunk-3.jpg	
alyx	Half-Life: Alyx	2020	First-Person Shooter	Valve	Valve	PC	alyx|half life alyx	Half-Life: Alyx	/screenshots/2020/alyx.jpg	/screenshots/2020/alyx-2.jpg	
it-takes-two	It Takes Two	2021	Action-Adventure	Electronic Arts	Hazelight Studios	PS4|Xbox One|PC	it takes two	It Takes Two	/screenshots/2021/it-takes-two.jpg	/screenshots/2021/it-takes-two-3.jpg	
forza5	Forza Horizon 5	2021	Racing	Microsoft	Playground Games	Xbox One|Xbox Series|PC	forza horizon 5|forza 5	Forza Horizon 5	/screenshots/2021/forza5.jpg	/screenshots/2021/forza5-2.jpg|/screenshots/2021/forza5-3.jpg	
deathloop	Deathloop	2021	First-Person Shooter	Bethesda Softworks	Arkane Studios	PS5|PC	deathloop	Deathloop	/screenshots/2021/deathloop.jpg	/screenshots/2021/deathloop-3.jpg	
elden-ring	Elden Ring	2022	Action RPG	Bandai Namco	FromSoftware	PS4|PS5|PC		Elden Ring	/screenshots/2022/elden-ring.jpg	/screenshots/2022/elden-ring-2.jpg|/screenshots/2022/elden-ring-3.jpg	
ragnarok	God of War Ragnarök	2022	Action-Adventure	Sony Interactive Entertainment	Santa Monica Studio	PS4|PS5	god of war ragnarok|ragnarok	God of War Ragnarök	/screenshots/2022/ragnarok.jpg	/screenshots/2022/ragnarok-2.jpg|/screenshots/2022/ragnarok-3.jpg	
stray	Stray	2022	Adventure	Annapurna Interactive	BlueTwelve Studio	PS5|PC	stray	Stray	/screenshots/2022/stray.jpg	/screenshots/2022/stray-3.jpg	
vampire-survivors	Vampire Survivors	2022	Roguelike	poncle	poncle	PC	vampire survivors	Vampire Survivors	/screenshots/2022/vampire-survivors.jpg	/screenshots/2022/vampire-survivors-3.jpg	
baldurs-gate-3	Baldur's Gate 3	2023	Role-Playing	Larian Studios	Larian Studios	PC|PS5	baldurs gate 3|baldur gate 3|bg3	Baldur's Gate 3	/screenshots/2023/baldurs-gate-3.jpg	/screenshots/2023/baldurs-gate-3-2.jpg|/screenshots/2023/baldurs-gate-3-3.jpg	
totk	The Legend of Zelda: Tears of the Kingdom	2023	Action-Adventure	Nintendo	Nintendo EPD	Switch	tears of the kingdom|totk|zelda totk	The Legend of Zelda: Tears of the Kingdom	/screenshots/2023/totk.jpg	/screenshots/2023/totk-3.jpg	
alan-wake-2	Alan Wake 2	2023	Survival Horror	Epic Games	Remedy Entertainment	PS5|PC	alan wake 2	Alan Wake 2	/screenshots/2023/alan-wake-2.jpg	/screenshots/2023/alan-wake-2-2.jpg|/screenshots/2023/alan-wake-2-3.jpg	
spider-man-2	Marvel's Spider-Man 2	2023	Action-Adventure	Sony Interactive Entertainment	Insomniac Games	PS5	spider-man 2|spiderman 2	Marvel's Spider-Man 2	/screenshots/2023/spider-man-2.jpg	/screenshots/2023/spider-man-2-2.jpg|/screenshots/2023/spider-man-2-3.jpg	
diablo4	Diablo IV	2023	Action RPG	Blizzard Entertainment	Blizzard Entertainment	PS4|PS5|PC	diablo 4|diablo iv|d4	Diablo IV	/screenshots/2023/diablo4.jpg	/screenshots/2023/diablo4-3.jpg	
starfield	Starfield	2023	Role-Playing	Bethesda Softworks	Bethesda Game Studios	Xbox Series|PC	starfield	Starfield	/screenshots/2023/starfield.jpg	/screenshots/2023/starfield-2.jpg	
wukong	Black Myth: Wukong	2024	Action RPG	Game Science	Game Science	PS5|PC	black myth|wukong|black myth wukong	Black Myth: Wukong	/screenshots/2024/wukong.jpg	/screenshots/2024/wukong-3.jpg	
astro-bot	Astro Bot	2024	Platformer	Sony Interactive Entertainment	Team Asobi	PS5	astro bot|astrobot	Astro Bot	/screenshots/2024/astro-bot.jpg	/screenshots/2024/astro-bot-3.jpg	
helldivers2	Helldivers 2	2024	Third-Person Shooter	Sony Interactive Entertainment	Arrowhead Game Studios	PS5|PC	helldivers 2|helldivers	Helldivers 2	/screenshots/2024/helldivers2.jpg	/screenshots/2024/helldivers2-2.jpg	
balatro	Balatro	2024	Card Game	Playstack	LocalThunk	PC|Switch	balatro	Balatro	/screenshots/2024/balatro.jpg	/screenshots/2024/balatro-3.jpg	
expedition33	Clair Obscur: Expedition 33	2025	Role-Playing	Kepler Interactive	Sandfall Interactive	PS5|PC	expedition 33|clair obscur	Clair Obscur: Expedition 33	/screenshots/2025/expedition33.jpg	/screenshots/2025/expedition33-2.jpg	
silksong	Hollow Knight: Silksong	2025	Platformer	Team Cherry	Team Cherry	Switch|PC	silksong|hollow knight silksong	Hollow Knight: Silksong	/screenshots/2025/silksong.jpg	/screenshots/2025/silksong-2.jpg|/screenshots/2025/silksong-3.jpg	
split-fiction	Split Fiction	2025	Action-Adventure	Electronic Arts	Hazelight Studios	PS5|PC	split fiction	Split Fiction	/screenshots/2025/split-fiction.jpg	/screenshots/2025/split-fiction-3.jpg	
doom-eternal	Doom Eternal	2020	First-Person Shooter	Bethesda Softworks	id Software	PS4|Xbox One|PC|Switch		Doom Eternal	/screenshots/2020/doom-eternal.jpg	/screenshots/2020/doom-eternal-2.jpg|/screenshots/2020/doom-eternal-3.jpg	
