id	unitsSold	source
1000xresist	100000	wikidata
13-sentinels-aegis-rim	1000000	wikidata
acnh	50290000	wikidata
against-the-storm	1200000	wikidata
alien-isolation	2110000	wikidata
animal-crossing-new-leaf	13060000	wikidata
anno-1800	2500000	wikidata
astral-chain	1030000	wikidata
balatro	5000000	wikidata
bastion	3000000	wikidata
batman-arkham-city	6000000	wikidata
bayonetta	1350000	wikidata
bayonetta-3	1070000	wikidata
bf3	5000000	wikidata
bioshock	4000000	wikidata
bioshock-infinite	4000000	wikidata
bloodborne	7460000	wikidata
borderlands2	31000000	wikipedia
breath-of-the-wild	35760000	wikipedia
bully	1500000	wikidata
cairn--3	500000	wikidata
chrono-trigger	5000000	wikidata
crusader-kings-ii	1000000	wikidata
crusader-kings-iii	4000000	wikidata
cuphead	1000000	wikidata
cyberpunk	40000000	wikidata
danganronpa-2-goodbye-despair	1000000	wikidata
dark-souls-iii	10000000	wikidata
dave-the-diver	10000000	wikidata
dead-cells	10000000	wikidata
death-stranding	5000000	wikidata
deus-ex-human-revolution	2180000	wikidata
dino-crisis-2	1200000	wikidata
donkey-kong-bananza	4780000	wikidata
donkey-kong-country-tropical-freeze	2250000	wikidata
dragon-age-inquisition	12000000	wikidata
dragon-ball-sparking-zero	5000000	wikidata
dragon-s-crown	940000	wikidata
elden-ring	30000000	wikipedia
escape-simulator	3000000	wikidata
factorio	3500000	wikidata
fallout-new-vegas	5000000	wikidata
fallout4	35000000	wikipedia
final-fantasy-vii	15500000	wikidata
final-fantasy-xvi	3800000	wikidata
final-fight	1480000	wikidata
fire-emblem-three-houses	3820000	wikidata
football-manager-2011	690000	wikidata
football-manager-2012	710000	wikidata
football-manager-2013	940000	wikidata
football-manager-2014	790000	wikidata
football-manager-2022	1000000	wikidata
galaxy2	6360000	wikidata
ghost-tsushima	13000000	wikidata
ghosts-n-goblins	1640000	wikidata
gran-turismo-3-a-spec	14890000	wikidata
gta-v	230000000	wikipedia
gta-vice-city	17500000	wikidata
gta3	14500000	wikidata
gta4	25000000	wikipedia
halo-reach	3000000	wikidata
international-karate-plus	1500000	wikidata
it-takes-two	30000000	wikipedia
kerbal-space-program	5000000	wikidata
kingdom-come-deliverance	10000000	wikidata
kirbys-return-to-dream-land	1310000	wikidata
lords-of-the-fallen	3000000	wikidata
luigis-mansion-3	14250000	wikidata
mario-galaxy	12800000	wikidata
mario-kart	8760000	wikidata
mario-kart-ds	23600000	wikidata
mario-luigi-bowser-s-inside-story	4130000	wikidata
marvel-vs-capcom-2-new-age-of-heroes	1400000	wikidata
mass-effect-3	890000	wikidata
max-payne-3	3000000	wikidata
me2	2000000	wikidata
mega-man-3	1080000	wikidata
mega-man-x	1160000	wikidata
metaphor-refantazio	2460000	wikidata
metroid	2730000	wikidata
metroid-prime-3-corruption	1310000	wikidata
mhw	30400000	wikipedia
minecraft	425000000	wikipedia
mk8	8460000	wikidata
nba-2k11	5500000	wikidata
needy-streamer-overload	2000000	wikidata
nier-automata	10000000	wikidata
nine-sols	800000	wikidata
nioh-2	2500000	wikidata
nsmb	30800000	wikidata
odyssey	30800000	wikidata
omori	1000000	wikidata
operation-flashpoint-cold-war-crisis	1000000	wikidata
overwatch	50000000	wikipedia
paper-mario-the-thousand-year-door	1000000	wikidata
papers-please	5000000	wikidata
pathfinder-wrath-of-the-righteous	1000000	wikidata
persona-q-shadow-of-the-labyrinth	250000	wikidata
pikmin-4	3480000	wikidata
pokemon-pokopia	5000000	wikidata
professor-layton-and-the-curious-village	3170000	wikidata
professor-layton-and-the-unwound-future	1970000	wikidata
rdr1	8000000	wikidata
rdr2	82000000	wikidata
re4	3500000	wikidata
resident-evil	2750000	wikidata
resident-evil-3-nemesis	3500000	wikidata
rhythm-heaven	1920000	wikidata
san-andreas	27500000	wikipedia
sekiro	10000000	wikidata
skyrim	65000000	wikipedia
smash-ultimate	38140000	wikidata
spiritfarer	2000000	wikidata
split-fiction	7000000	wikidata
stardew	50000000	wikidata
steins-gate-0	100000	wikidata
strange-horticulture	750000	wikidata
street-fighter-6	7000000	wikidata
street-fighter-ii	6300000	wikidata
super-mario-3d-land	12890000	wikidata
super-mario-3d-world	5890000	wikidata
super-mario-bros-wonder	17440000	wikidata
super-mario-maker	4020000	wikidata
super-smash-bros-brawl	13320000	wikidata
super-smash-bros-melee	1000000	wikidata
tetris	520000000	wikipedia
the-legend-of-zelda-a-link-between-worlds	2510000	wikidata
the-legend-of-zelda-skyward-sword	3520000	wikidata
the-legend-of-zelda-twilight-princess	4520000	wikidata
the-sims	50000000	wikipedia
the-witcher-3	65000000	wikidata
tomb-raider-2013	8500000	wikidata
total-war-shogun-2	600000	wikidata
totk	22710000	wikidata
transport-fever	500000	wikidata
triangle-strategy	1000000	wikidata
uncharted-3-drake-s-deception	3800000	wikidata
valheim	12000000	wikidata
wii-sports	82900000	wikidata
wukong	28000000	wikipedia
xenoblade-chronicles-2	1310000	wikidata
xenoblade-chronicles-3	1860000	wikidata
yakuza-0	500000	wikidata
